,Happiness,spent_on_MATA,spent_on_Bills,spent_on_TSA,spent_on_EXPA
0,,,,,
1,7.0,350.0,1000.0,950.0,0.0
2,9.0,650.0,750.0,250.0,650.0
3,8.0,70.0,750.0,0.0,0.0
4,8.0,250.0,450.0,0.0,350.0
5,5.0,350.0,550.0,0.0,450.0
6,4.0,70.0,90.0,10.0,50.0
7,4.0,250.0,550.0,90.0,150.0
8,5.0,90.0,550.0,0.0,0.0
9,7.0,0.0,150.0,0.0,70.0
10,7.0,250.0,1000.0,0.0,350.0
11,7.0,0.0,750.0,0.0,0.0
12,7.0,250.0,650.0,0.0,90.0
13,7.0,50.0,30.0,0.0,50.0
14,8.0,70.0,90.0,0.0,0.0
15,9.0,150.0,650.0,650.0,250.0
16,7.0,70.0,750.0,0.0,250.0
17,4.0,0.0,50.0,0.0,0.0
18,7.0,70.0,850.0,30.0,0.0
19,8.0,30.0,550.0,0.0,150.0
20,8.0,450.0,450.0,0.0,450.0
21,4.0,70.0,950.0,150.0,90.0
22,9.0,1000.0,750.0,850.0,1000.0
23,5.0,250.0,850.0,150.0,0.0
24,7.0,250.0,550.0,0.0,250.0
25,8.0,50.0,550.0,0.0,90.0
26,6.0,30.0,10.0,0.0,50.0
27,9.0,650.0,1000.0,70.0,250.0
28,8.0,90.0,950.0,0.0,90.0
29,4.0,30.0,750.0,0.0,0.0
30,7.0,250.0,250.0,0.0,250.0
31,5.0,30.0,550.0,0.0,150.0
32,6.0,0.0,70.0,0.0,0.0
33,5.0,0.0,350.0,0.0,0.0
34,10.0,0.0,750.0,0.0,0.0
35,5.0,0.0,90.0,0.0,0.0
36,7.0,350.0,950.0,0.0,0.0
37,7.0,250.0,750.0,0.0,150.0
38,,0.0,,0.0,0.0
39,5.0,0.0,950.0,0.0,0.0
40,10.0,70.0,750.0,350.0,350.0
41,8.0,250.0,650.0,150.0,250.0
42,8.0,70.0,350.0,0.0,350.0
43,8.0,250.0,1000.0,250.0,350.0
44,7.0,50.0,750.0,0.0,90.0
45,,0.0,,0.0,0.0
46,6.0,50.0,90.0,0.0,50.0
47,7.0,90.0,650.0,0.0,90.0
48,8.0,250.0,250.0,0.0,0.0
49,6.0,350.0,650.0,150.0,250.0
50,7.0,250.0,550.0,70.0,450.0
51,9.0,350.0,950.0,250.0,550.0
52,6.0,850.0,750.0,850.0,950.0
53,9.0,50.0,750.0,30.0,30.0
54,6.0,250.0,550.0,150.0,250.0
55,10.0,350.0,750.0,150.0,250.0
56,7.0,70.0,650.0,0.0,150.0
57,3.0,250.0,950.0,150.0,250.0
58,8.0,70.0,350.0,0.0,70.0
59,7.0,0.0,450.0,0.0,0.0
60,6.0,30.0,250.0,30.0,50.0
61,5.0,150.0,450.0,90.0,0.0
62,5.0,150.0,1000.0,0.0,0.0
63,5.0,350.0,850.0,0.0,250.0
64,8.0,70.0,650.0,150.0,150.0
65,8.0,90.0,70.0,50.0,0.0
66,8.0,50.0,350.0,0.0,0.0
67,9.0,250.0,150.0,0.0,0.0
68,2.0,0.0,550.0,0.0,0.0
69,6.0,150.0,70.0,0.0,350.0
70,3.0,70.0,450.0,0.0,0.0
71,5.0,30.0,550.0,0.0,0.0
72,4.0,0.0,650.0,0.0,0.0
73,9.0,950.0,750.0,750.0,850.0
74,9.0,90.0,650.0,50.0,90.0
75,4.0,250.0,150.0,150.0,70.0
76,8.0,450.0,350.0,0.0,450.0
77,8.0,50.0,30.0,0.0,70.0
78,4.0,0.0,550.0,0.0,0.0
79,3.0,150.0,650.0,0.0,350.0
80,5.0,70.0,70.0,70.0,90.0
81,6.0,70.0,950.0,50.0,90.0
82,7.0,70.0,90.0,30.0,0.0
83,7.0,250.0,550.0,0.0,0.0
84,3.0,70.0,50.0,0.0,50.0
85,3.0,0.0,550.0,0.0,30.0
86,3.0,50.0,550.0,0.0,90.0
87,7.0,70.0,90.0,0.0,90.0
88,5.0,30.0,550.0,0.0,0.0
89,4.0,50.0,50.0,0.0,0.0
90,10.0,750.0,550.0,50.0,70.0
91,6.0,50.0,30.0,0.0,0.0
92,4.0,70.0,150.0,50.0,0.0
93,8.0,0.0,650.0,70.0,0.0
94,,0.0,,0.0,0.0
95,7.0,350.0,90.0,0.0,250.0
96,7.0,50.0,150.0,0.0,150.0
97,4.0,30.0,550.0,0.0,0.0
98,,0.0,,0.0,0.0
99,9.0,850.0,650.0,350.0,750.0
100,7.0,150.0,550.0,150.0,70.0
101,8.0,70.0,550.0,30.0,70.0
102,6.0,70.0,550.0,0.0,0.0
103,2.0,250.0,650.0,0.0,0.0
104,7.0,250.0,1000.0,1000.0,250.0
105,10.0,,1000.0,1000.0,
106,8.0,50.0,90.0,0.0,0.0
107,5.0,0.0,550.0,650.0,0.0
108,3.0,50.0,50.0,10.0,0.0
109,8.0,70.0,550.0,0.0,0.0
110,8.0,250.0,550.0,0.0,150.0
111,7.0,70.0,850.0,0.0,0.0
112,8.0,50.0,50.0,0.0,0.0
113,,0.0,,0.0,0.0
114,9.0,650.0,750.0,850.0,750.0
115,4.0,250.0,1000.0,0.0,0.0
116,8.0,250.0,90.0,70.0,150.0
117,4.0,250.0,550.0,150.0,250.0
118,9.0,30.0,30.0,0.0,0.0
119,8.0,0.0,850.0,0.0,90.0
120,9.0,650.0,1000.0,350.0,650.0
121,8.0,350.0,550.0,90.0,0.0
122,8.0,650.0,750.0,50.0,350.0
123,1.0,90.0,150.0,0.0,0.0
124,6.0,250.0,1000.0,0.0,150.0
125,7.0,0.0,90.0,0.0,90.0
126,6.0,30.0,70.0,0.0,0.0
127,6.0,150.0,550.0,0.0,0.0
128,5.0,70.0,450.0,0.0,150.0
129,8.0,50.0,550.0,0.0,0.0
130,8.0,0.0,1000.0,150.0,250.0
131,8.0,0.0,750.0,0.0,0.0
132,7.0,650.0,750.0,90.0,950.0
133,6.0,70.0,50.0,0.0,90.0
134,7.0,0.0,90.0,750.0,90.0
135,7.0,0.0,450.0,0.0,250.0
136,6.0,30.0,50.0,0.0,50.0
137,6.0,90.0,70.0,550.0,750.0
138,8.0,30.0,50.0,0.0,0.0
139,9.0,,1000.0,1000.0,
140,6.0,70.0,550.0,0.0,350.0
141,9.0,150.0,90.0,50.0,70.0
142,8.0,90.0,50.0,0.0,70.0
143,7.0,250.0,450.0,0.0,0.0
144,7.0,70.0,90.0,90.0,450.0
145,,0.0,,0.0,0.0
146,6.0,150.0,1000.0,850.0,0.0
147,7.0,70.0,350.0,30.0,50.0
148,10.0,250.0,450.0,150.0,250.0
149,9.0,250.0,550.0,950.0,1000.0
150,10.0,250.0,550.0,150.0,250.0
151,9.0,250.0,550.0,90.0,0.0
152,8.0,250.0,750.0,0.0,0.0
153,10.0,650.0,950.0,550.0,750.0
154,7.0,1000.0,950.0,250.0,350.0
155,7.0,50.0,1000.0,650.0,150.0
156,5.0,70.0,150.0,50.0,50.0
157,10.0,550.0,450.0,450.0,550.0
158,9.0,150.0,550.0,150.0,0.0
159,6.0,450.0,950.0,250.0,550.0
160,,0.0,,0.0,0.0
161,7.0,250.0,550.0,0.0,0.0
162,10.0,250.0,150.0,0.0,350.0
163,5.0,70.0,1000.0,0.0,150.0
164,7.0,90.0,70.0,70.0,250.0
165,7.0,70.0,550.0,0.0,0.0
166,6.0,0.0,90.0,0.0,0.0
167,8.0,250.0,550.0,70.0,0.0
168,6.0,30.0,90.0,0.0,0.0
169,9.0,,950.0,1000.0,1000.0
170,8.0,350.0,850.0,0.0,150.0
171,1.0,0.0,50.0,0.0,0.0
172,8.0,850.0,30.0,30.0,30.0
173,6.0,70.0,150.0,0.0,70.0
174,3.0,0.0,950.0,0.0,250.0
175,6.0,250.0,350.0,0.0,250.0
176,3.0,150.0,250.0,0.0,250.0
177,10.0,1000.0,750.0,950.0,1000.0
178,1.0,150.0,50.0,10.0,50.0
179,10.0,70.0,150.0,0.0,50.0
180,8.0,70.0,650.0,30.0,90.0
181,8.0,70.0,550.0,150.0,50.0
182,8.0,90.0,650.0,50.0,0.0
183,10.0,950.0,950.0,850.0,950.0
184,7.0,350.0,250.0,350.0,250.0
185,4.0,50.0,50.0,0.0,30.0
186,10.0,0.0,1000.0,1000.0,0.0
187,3.0,250.0,250.0,0.0,0.0
188,5.0,90.0,350.0,50.0,70.0
189,8.0,250.0,1000.0,0.0,70.0
190,6.0,450.0,650.0,0.0,0.0
191,6.0,50.0,650.0,50.0,50.0
192,9.0,90.0,250.0,150.0,150.0
193,7.0,250.0,350.0,0.0,0.0
194,8.0,0.0,550.0,150.0,0.0
195,7.0,90.0,750.0,150.0,250.0
196,6.0,0.0,1000.0,0.0,0.0
197,5.0,250.0,750.0,0.0,0.0
198,5.0,0.0,550.0,0.0,250.0
199,5.0,0.0,750.0,0.0,0.0
200,,0.0,,0.0,0.0
201,7.0,250.0,550.0,30.0,250.0
202,7.0,250.0,350.0,450.0,450.0
203,8.0,30.0,90.0,0.0,250.0
204,7.0,350.0,150.0,50.0,70.0
205,7.0,250.0,750.0,70.0,350.0
206,7.0,90.0,550.0,0.0,0.0
207,6.0,70.0,550.0,50.0,50.0
208,7.0,0.0,450.0,0.0,90.0
209,7.0,350.0,550.0,70.0,250.0
210,8.0,70.0,550.0,70.0,0.0
211,7.0,250.0,750.0,0.0,0.0
212,6.0,150.0,90.0,0.0,250.0
213,10.0,250.0,250.0,150.0,250.0
214,5.0,30.0,70.0,30.0,150.0
215,5.0,90.0,850.0,30.0,250.0
216,3.0,250.0,950.0,0.0,0.0
217,6.0,70.0,70.0,0.0,70.0
218,8.0,0.0,150.0,0.0,0.0
219,1.0,150.0,150.0,70.0,250.0
220,5.0,30.0,550.0,0.0,
221,3.0,150.0,650.0,0.0,250.0
222,7.0,250.0,550.0,50.0,350.0
223,6.0,350.0,550.0,0.0,250.0
224,4.0,50.0,10.0,10.0,30.0
225,5.0,50.0,950.0,0.0,0.0
226,5.0,50.0,550.0,0.0,0.0
227,6.0,90.0,650.0,30.0,90.0
228,7.0,950.0,850.0,850.0,950.0
229,7.0,250.0,650.0,350.0,250.0
230,2.0,350.0,650.0,90.0,250.0
231,5.0,50.0,150.0,30.0,90.0
232,6.0,70.0,90.0,50.0,70.0
233,4.0,450.0,550.0,0.0,550.0
234,10.0,90.0,150.0,30.0,70.0
235,6.0,0.0,250.0,0.0,0.0
236,4.0,50.0,550.0,10.0,30.0
237,5.0,70.0,90.0,0.0,350.0
238,6.0,0.0,750.0,0.0,0.0
239,8.0,70.0,50.0,70.0,70.0
240,6.0,50.0,90.0,10.0,0.0
241,6.0,30.0,90.0,50.0,50.0
242,8.0,250.0,1000.0,50.0,250.0
243,7.0,150.0,750.0,150.0,250.0
244,,0.0,,0.0,0.0
245,6.0,350.0,1000.0,0.0,350.0
246,7.0,150.0,650.0,150.0,250.0
247,4.0,70.0,50.0,30.0,30.0
248,6.0,30.0,150.0,10.0,0.0
249,4.0,70.0,550.0,0.0,0.0
250,10.0,1000.0,550.0,950.0,550.0
251,5.0,50.0,450.0,0.0,0.0
252,7.0,0.0,750.0,150.0,0.0
253,7.0,0.0,,0.0,0.0
254,10.0,550.0,850.0,250.0,350.0
255,7.0,0.0,750.0,0.0,250.0
256,7.0,250.0,90.0,750.0,350.0
257,7.0,50.0,90.0,50.0,50.0
258,7.0,70.0,250.0,0.0,0.0
259,7.0,150.0,550.0,0.0,250.0
260,8.0,50.0,30.0,0.0,0.0
261,5.0,70.0,150.0,0.0,0.0
262,8.0,70.0,150.0,0.0,450.0
263,10.0,650.0,550.0,150.0,0.0
264,6.0,50.0,70.0,150.0,0.0
265,6.0,50.0,550.0,0.0,0.0
266,7.0,30.0,350.0,0.0,0.0
267,6.0,0.0,150.0,0.0,0.0
268,5.0,70.0,650.0,30.0,250.0
269,6.0,90.0,350.0,90.0,0.0
270,7.0,250.0,250.0,0.0,250.0
271,4.0,0.0,650.0,0.0,0.0
272,7.0,0.0,750.0,0.0,0.0
273,5.0,450.0,550.0,750.0,250.0
274,9.0,350.0,550.0,150.0,350.0
275,7.0,70.0,450.0,0.0,90.0
276,8.0,250.0,950.0,0.0,0.0
277,8.0,850.0,1000.0,0.0,1000.0
278,2.0,0.0,30.0,0.0,0.0
279,5.0,70.0,550.0,0.0,0.0
280,7.0,150.0,750.0,0.0,350.0
281,8.0,0.0,650.0,50.0,0.0
282,5.0,0.0,750.0,0.0,0.0
283,7.0,0.0,50.0,0.0,0.0
284,7.0,350.0,850.0,650.0,250.0
285,7.0,250.0,50.0,90.0,250.0
286,10.0,,1000.0,1000.0,450.0
287,6.0,0.0,650.0,0.0,0.0
288,7.0,90.0,350.0,0.0,50.0
289,9.0,0.0,750.0,30.0,70.0
290,7.0,150.0,90.0,0.0,150.0
291,8.0,70.0,750.0,0.0,350.0
292,8.0,90.0,550.0,50.0,70.0
293,5.0,250.0,650.0,0.0,450.0
294,10.0,250.0,650.0,0.0,90.0
295,8.0,0.0,750.0,150.0,90.0
296,1.0,30.0,150.0,0.0,0.0
297,6.0,0.0,350.0,0.0,250.0
298,7.0,30.0,550.0,0.0,0.0
299,6.0,70.0,350.0,150.0,350.0
300,7.0,650.0,150.0,70.0,90.0
301,10.0,90.0,850.0,850.0,150.0
302,6.0,50.0,650.0,50.0,70.0
303,7.0,0.0,550.0,0.0,0.0
304,6.0,0.0,650.0,0.0,0.0
305,9.0,70.0,250.0,90.0,350.0
306,8.0,50.0,550.0,30.0,250.0
307,10.0,250.0,1000.0,150.0,550.0
308,8.0,650.0,1000.0,250.0,550.0
309,10.0,450.0,1000.0,350.0,450.0
310,7.0,50.0,150.0,0.0,50.0
311,5.0,50.0,550.0,70.0,0.0
312,5.0,350.0,750.0,250.0,0.0
313,8.0,450.0,550.0,0.0,150.0
314,8.0,70.0,550.0,90.0,150.0
315,6.0,70.0,70.0,70.0,150.0
316,10.0,,1000.0,1000.0,
317,7.0,90.0,30.0,0.0,0.0
318,6.0,150.0,150.0,0.0,90.0
319,10.0,30.0,10.0,10.0,30.0
320,8.0,90.0,650.0,0.0,50.0
321,6.0,70.0,650.0,250.0,0.0
322,10.0,850.0,1000.0,1000.0,1000.0
323,6.0,150.0,450.0,50.0,90.0
324,8.0,250.0,1000.0,0.0,550.0
325,6.0,150.0,90.0,0.0,250.0
326,9.0,350.0,550.0,70.0,250.0
327,9.0,0.0,1000.0,150.0,350.0
328,5.0,50.0,550.0,90.0,90.0
329,4.0,0.0,350.0,0.0,70.0
330,9.0,1000.0,550.0,550.0,1000.0
331,5.0,70.0,950.0,50.0,0.0
332,3.0,850.0,30.0,0.0,0.0
333,10.0,250.0,550.0,50.0,250.0
334,8.0,150.0,550.0,0.0,0.0
335,5.0,90.0,750.0,150.0,90.0
336,9.0,1000.0,90.0,150.0,0.0
337,8.0,250.0,550.0,150.0,250.0
338,7.0,250.0,650.0,150.0,350.0
339,8.0,550.0,650.0,350.0,550.0
340,6.0,0.0,350.0,0.0,0.0
341,6.0,250.0,1000.0,50.0,250.0
342,9.0,50.0,250.0,0.0,90.0
343,7.0,250.0,550.0,30.0,250.0
344,10.0,1000.0,750.0,650.0,0.0
345,7.0,0.0,90.0,0.0,0.0
346,6.0,350.0,1000.0,0.0,70.0
347,6.0,50.0,550.0,50.0,250.0
348,4.0,70.0,550.0,0.0,250.0
349,8.0,250.0,550.0,150.0,70.0
350,10.0,90.0,550.0,90.0,250.0
351,7.0,0.0,550.0,0.0,0.0
352,6.0,0.0,90.0,0.0,0.0
353,10.0,250.0,750.0,90.0,250.0
354,10.0,250.0,550.0,150.0,250.0
355,8.0,150.0,150.0,0.0,70.0
356,4.0,70.0,550.0,0.0,250.0
357,6.0,30.0,650.0,50.0,50.0
358,4.0,250.0,550.0,0.0,90.0
359,3.0,50.0,90.0,0.0,0.0
360,8.0,950.0,650.0,0.0,1000.0
361,6.0,350.0,650.0,90.0,50.0
362,10.0,1000.0,950.0,1000.0,1000.0
363,10.0,150.0,550.0,90.0,90.0
364,8.0,150.0,550.0,150.0,150.0
365,5.0,250.0,550.0,90.0,450.0
366,6.0,0.0,250.0,0.0,0.0
367,4.0,350.0,450.0,0.0,250.0
368,4.0,50.0,650.0,0.0,0.0
369,10.0,0.0,90.0,0.0,0.0
370,10.0,0.0,90.0,0.0,0.0
371,8.0,1000.0,650.0,750.0,750.0
372,8.0,0.0,90.0,0.0,0.0
373,7.0,250.0,450.0,0.0,70.0
374,10.0,90.0,90.0,150.0,250.0
375,6.0,0.0,90.0,150.0,350.0
376,7.0,250.0,650.0,150.0,650.0
377,5.0,450.0,650.0,0.0,250.0
378,7.0,0.0,850.0,50.0,0.0
379,6.0,30.0,150.0,0.0,0.0
380,8.0,650.0,550.0,650.0,750.0
381,10.0,750.0,750.0,850.0,650.0
382,8.0,90.0,90.0,30.0,250.0
383,6.0,150.0,550.0,30.0,250.0
384,7.0,150.0,1000.0,0.0,0.0
385,8.0,0.0,10.0,0.0,0.0
386,7.0,150.0,350.0,70.0,90.0
387,5.0,70.0,90.0,0.0,250.0
388,7.0,70.0,250.0,0.0,0.0
389,8.0,350.0,650.0,0.0,250.0
390,6.0,90.0,350.0,150.0,90.0
391,6.0,850.0,450.0,70.0,150.0
392,6.0,30.0,30.0,0.0,90.0
393,8.0,70.0,70.0,30.0,0.0
394,10.0,650.0,70.0,450.0,0.0
395,5.0,70.0,550.0,0.0,0.0
396,2.0,250.0,50.0,0.0,0.0
397,,0.0,,0.0,0.0
398,9.0,0.0,90.0,50.0,30.0
399,6.0,70.0,350.0,0.0,70.0
400,,0.0,,0.0,0.0
401,7.0,90.0,750.0,0.0,250.0
402,8.0,70.0,250.0,30.0,0.0
403,9.0,450.0,1000.0,650.0,750.0
404,8.0,0.0,250.0,550.0,750.0
405,9.0,90.0,650.0,0.0,350.0
406,7.0,0.0,50.0,0.0,0.0
407,6.0,70.0,550.0,0.0,90.0
408,3.0,70.0,750.0,0.0,250.0
409,8.0,250.0,750.0,150.0,350.0
410,8.0,70.0,250.0,10.0,0.0
411,5.0,350.0,550.0,0.0,350.0
412,8.0,250.0,1000.0,150.0,250.0
413,10.0,850.0,850.0,750.0,850.0
414,10.0,250.0,50.0,150.0,150.0
415,5.0,0.0,550.0,0.0,0.0
416,2.0,90.0,150.0,0.0,0.0
417,4.0,30.0,250.0,0.0,70.0
418,8.0,90.0,950.0,650.0,350.0
419,1.0,70.0,550.0,0.0,0.0
420,8.0,90.0,550.0,0.0,150.0
421,10.0,750.0,650.0,250.0,750.0
422,7.0,0.0,1000.0,0.0,0.0
423,8.0,1000.0,950.0,0.0,0.0
424,6.0,250.0,1000.0,0.0,0.0
425,9.0,50.0,150.0,0.0,70.0
426,8.0,70.0,650.0,0.0,0.0
427,6.0,70.0,150.0,0.0,70.0
428,8.0,70.0,550.0,0.0,0.0
429,8.0,90.0,650.0,0.0,0.0
430,6.0,70.0,550.0,70.0,250.0
431,7.0,90.0,350.0,150.0,650.0
432,7.0,50.0,550.0,0.0,450.0
433,6.0,150.0,150.0,50.0,250.0
434,5.0,30.0,750.0,0.0,90.0
435,8.0,70.0,1000.0,450.0,750.0
436,4.0,0.0,,0.0,0.0
437,9.0,70.0,750.0,0.0,0.0
438,10.0,,1000.0,1000.0,
439,10.0,350.0,1000.0,450.0,650.0
440,4.0,70.0,30.0,0.0,0.0
441,1.0,50.0,70.0,150.0,0.0
442,10.0,70.0,1000.0,0.0,0.0
443,5.0,250.0,950.0,350.0,0.0
444,5.0,70.0,450.0,0.0,250.0
445,6.0,350.0,550.0,150.0,250.0
446,6.0,90.0,550.0,0.0,150.0
447,9.0,150.0,50.0,150.0,50.0
448,10.0,50.0,10.0,30.0,30.0
449,7.0,30.0,350.0,0.0,0.0
450,8.0,0.0,750.0,0.0,350.0
451,8.0,0.0,250.0,0.0,0.0
452,5.0,70.0,250.0,0.0,0.0
453,5.0,0.0,750.0,0.0,0.0
454,7.0,50.0,550.0,150.0,350.0
455,6.0,0.0,90.0,0.0,0.0
456,10.0,250.0,550.0,150.0,250.0
457,5.0,0.0,550.0,150.0,0.0
458,5.0,250.0,550.0,0.0,90.0
459,9.0,250.0,450.0,50.0,350.0
460,10.0,10.0,10.0,0.0,0.0
461,6.0,250.0,450.0,0.0,350.0
462,7.0,0.0,150.0,0.0,250.0
463,10.0,450.0,450.0,90.0,750.0
464,,0.0,,0.0,0.0
465,,0.0,,0.0,0.0
466,9.0,350.0,1000.0,0.0,0.0
467,7.0,150.0,350.0,150.0,550.0
468,6.0,70.0,450.0,0.0,250.0
469,5.0,0.0,50.0,0.0,0.0
470,8.0,50.0,550.0,30.0,90.0
471,4.0,150.0,450.0,150.0,250.0
472,5.0,150.0,750.0,0.0,0.0
473,6.0,750.0,90.0,150.0,550.0
474,3.0,350.0,550.0,0.0,0.0
475,8.0,250.0,650.0,550.0,550.0
476,3.0,50.0,450.0,0.0,50.0
477,8.0,350.0,650.0,50.0,550.0
478,7.0,250.0,750.0,150.0,250.0
479,7.0,70.0,850.0,350.0,450.0
480,8.0,0.0,1000.0,0.0,70.0
481,8.0,0.0,150.0,0.0,0.0
482,7.0,550.0,1000.0,450.0,250.0
483,9.0,650.0,1000.0,150.0,250.0
484,2.0,250.0,70.0,0.0,250.0
485,8.0,50.0,90.0,10.0,250.0
486,5.0,250.0,550.0,0.0,0.0
487,9.0,50.0,350.0,0.0,0.0
488,5.0,50.0,50.0,0.0,50.0
489,5.0,250.0,150.0,150.0,0.0
490,9.0,250.0,1000.0,0.0,650.0
491,8.0,0.0,450.0,0.0,0.0
492,7.0,50.0,650.0,50.0,70.0
493,5.0,0.0,1000.0,1000.0,0.0
494,8.0,250.0,150.0,0.0,350.0
495,4.0,70.0,90.0,0.0,90.0
496,8.0,70.0,250.0,0.0,90.0
497,10.0,90.0,350.0,150.0,150.0
498,6.0,90.0,550.0,0.0,0.0
499,10.0,250.0,90.0,70.0,0.0
500,7.0,250.0,750.0,0.0,0.0
501,10.0,70.0,550.0,0.0,0.0
502,6.0,50.0,90.0,0.0,50.0
503,6.0,70.0,850.0,0.0,0.0
504,7.0,50.0,1000.0,0.0,0.0
505,6.0,0.0,750.0,0.0,0.0
506,8.0,70.0,550.0,0.0,70.0
507,8.0,250.0,750.0,1000.0,450.0
508,6.0,250.0,350.0,50.0,550.0
509,6.0,90.0,550.0,0.0,70.0
510,7.0,50.0,550.0,0.0,70.0
511,6.0,250.0,250.0,0.0,150.0
512,10.0,70.0,90.0,0.0,0.0
513,9.0,150.0,1000.0,250.0,250.0
514,8.0,70.0,650.0,50.0,70.0
515,5.0,0.0,550.0,0.0,0.0
516,5.0,90.0,550.0,70.0,70.0
517,5.0,250.0,850.0,0.0,0.0
518,6.0,0.0,30.0,70.0,0.0
519,10.0,250.0,1000.0,150.0,250.0
520,5.0,0.0,70.0,0.0,0.0
521,8.0,30.0,90.0,0.0,0.0
522,9.0,650.0,550.0,450.0,350.0
523,5.0,0.0,70.0,0.0,0.0
524,8.0,150.0,750.0,0.0,0.0
525,6.0,0.0,90.0,250.0,550.0
526,7.0,70.0,1000.0,0.0,150.0
527,7.0,70.0,650.0,0.0,90.0
528,8.0,0.0,450.0,550.0,750.0
529,7.0,250.0,450.0,50.0,0.0
530,2.0,70.0,250.0,10.0,50.0
531,8.0,350.0,650.0,0.0,350.0
532,3.0,70.0,550.0,0.0,0.0
533,7.0,350.0,450.0,50.0,0.0
534,8.0,250.0,750.0,0.0,150.0
535,10.0,90.0,90.0,90.0,250.0
536,10.0,70.0,150.0,50.0,50.0
537,5.0,70.0,850.0,0.0,0.0
538,4.0,350.0,30.0,150.0,50.0
539,6.0,0.0,750.0,0.0,0.0
540,7.0,50.0,750.0,250.0,350.0
541,9.0,250.0,750.0,150.0,350.0
542,6.0,50.0,950.0,0.0,250.0
543,10.0,250.0,650.0,0.0,450.0
544,5.0,0.0,1000.0,0.0,90.0
545,8.0,0.0,90.0,10.0,70.0
546,7.0,90.0,550.0,0.0,150.0
547,4.0,150.0,30.0,0.0,90.0
548,7.0,90.0,550.0,0.0,550.0
549,5.0,0.0,650.0,0.0,0.0
550,3.0,90.0,90.0,0.0,0.0
551,7.0,90.0,150.0,150.0,350.0
552,5.0,150.0,70.0,0.0,0.0
553,7.0,90.0,450.0,0.0,250.0
554,9.0,90.0,650.0,0.0,250.0
555,6.0,70.0,150.0,0.0,90.0
556,8.0,70.0,550.0,0.0,0.0
557,5.0,50.0,90.0,10.0,50.0
558,0.0,70.0,30.0,10.0,0.0
559,6.0,150.0,550.0,0.0,0.0
560,5.0,250.0,550.0,70.0,90.0
561,8.0,0.0,550.0,0.0,0.0
562,8.0,0.0,1000.0,0.0,250.0
563,6.0,50.0,250.0,0.0,0.0
564,4.0,450.0,1000.0,0.0,750.0
565,7.0,450.0,950.0,150.0,250.0
566,8.0,70.0,350.0,0.0,70.0
567,5.0,350.0,850.0,0.0,650.0
568,10.0,350.0,750.0,350.0,550.0
569,5.0,50.0,550.0,50.0,0.0
570,10.0,150.0,550.0,250.0,450.0
571,8.0,90.0,650.0,50.0,90.0
572,7.0,30.0,30.0,0.0,70.0
573,6.0,90.0,550.0,50.0,0.0
574,5.0,250.0,550.0,950.0,350.0
575,7.0,0.0,550.0,0.0,450.0
576,6.0,0.0,550.0,0.0,0.0
577,5.0,50.0,250.0,250.0,50.0
578,2.0,0.0,750.0,0.0,0.0
579,7.0,250.0,750.0,30.0,250.0
580,9.0,350.0,650.0,90.0,350.0
581,9.0,450.0,750.0,0.0,650.0
582,7.0,250.0,850.0,0.0,250.0
583,4.0,350.0,90.0,150.0,250.0
584,5.0,250.0,550.0,30.0,0.0
585,7.0,250.0,550.0,30.0,250.0
586,,0.0,,0.0,0.0
587,4.0,850.0,850.0,0.0,70.0
588,9.0,250.0,650.0,0.0,250.0
589,8.0,750.0,650.0,0.0,0.0
590,7.0,70.0,750.0,0.0,0.0
591,5.0,250.0,250.0,30.0,0.0
592,6.0,0.0,90.0,0.0,0.0
593,5.0,150.0,450.0,0.0,250.0
594,10.0,70.0,70.0,70.0,150.0
595,7.0,250.0,850.0,350.0,250.0
596,5.0,0.0,550.0,0.0,0.0
597,6.0,70.0,350.0,50.0,50.0
598,6.0,250.0,650.0,150.0,150.0
599,5.0,0.0,750.0,50.0,0.0
600,6.0,0.0,,0.0,0.0
601,8.0,250.0,850.0,0.0,50.0
602,8.0,,1000.0,1000.0,
603,6.0,150.0,350.0,0.0,70.0
604,5.0,70.0,1000.0,30.0,30.0
605,7.0,350.0,750.0,250.0,450.0
606,6.0,250.0,550.0,0.0,250.0
607,6.0,250.0,1000.0,0.0,70.0
608,9.0,0.0,1000.0,0.0,0.0
609,8.0,650.0,1000.0,0.0,550.0
610,7.0,0.0,550.0,0.0,0.0
611,7.0,50.0,450.0,0.0,0.0
612,7.0,650.0,350.0,0.0,550.0
613,3.0,350.0,550.0,0.0,90.0
614,5.0,90.0,50.0,0.0,70.0
615,5.0,0.0,450.0,0.0,
616,7.0,250.0,50.0,150.0,150.0
617,3.0,0.0,90.0,0.0,0.0
618,10.0,90.0,550.0,150.0,250.0
619,5.0,50.0,750.0,0.0,70.0
620,6.0,30.0,50.0,30.0,90.0
621,6.0,0.0,350.0,0.0,90.0
622,7.0,50.0,70.0,0.0,0.0
623,4.0,0.0,250.0,50.0,0.0
624,9.0,70.0,650.0,350.0,150.0
625,4.0,70.0,450.0,0.0,0.0
626,8.0,450.0,1000.0,0.0,250.0
627,6.0,90.0,650.0,150.0,150.0
628,8.0,50.0,850.0,50.0,250.0
629,10.0,0.0,10.0,0.0,0.0
630,4.0,0.0,150.0,0.0,90.0
631,8.0,950.0,550.0,550.0,650.0
632,8.0,70.0,750.0,0.0,90.0
633,8.0,250.0,150.0,70.0,0.0
634,8.0,150.0,650.0,1000.0,150.0
635,6.0,50.0,70.0,0.0,90.0
636,5.0,0.0,350.0,0.0,0.0
637,7.0,50.0,90.0,10.0,0.0
638,,0.0,,0.0,0.0
639,7.0,150.0,90.0,70.0,70.0
640,8.0,0.0,30.0,0.0,0.0
641,8.0,350.0,550.0,250.0,250.0
642,8.0,70.0,550.0,0.0,150.0
643,,0.0,,0.0,0.0
644,8.0,250.0,550.0,250.0,350.0
645,6.0,30.0,90.0,0.0,0.0
646,9.0,70.0,90.0,50.0,70.0
647,9.0,650.0,350.0,250.0,350.0
648,5.0,250.0,650.0,0.0,0.0
649,5.0,250.0,90.0,0.0,0.0
650,7.0,550.0,1000.0,150.0,350.0
651,5.0,70.0,650.0,0.0,0.0
652,10.0,,1000.0,1000.0,
653,7.0,350.0,650.0,30.0,0.0
654,7.0,250.0,250.0,0.0,250.0
655,7.0,250.0,650.0,90.0,350.0
656,5.0,70.0,150.0,0.0,250.0
657,10.0,70.0,90.0,850.0,90.0
658,7.0,70.0,550.0,30.0,50.0
659,2.0,30.0,550.0,0.0,0.0
660,5.0,70.0,550.0,0.0,90.0
661,8.0,350.0,550.0,150.0,0.0
662,7.0,250.0,650.0,0.0,90.0
663,10.0,150.0,1000.0,150.0,250.0
664,5.0,250.0,70.0,0.0,0.0
665,7.0,90.0,350.0,0.0,150.0
666,7.0,50.0,150.0,90.0,250.0
667,10.0,50.0,1000.0,70.0,1000.0
668,5.0,0.0,550.0,150.0,250.0
669,8.0,450.0,450.0,350.0,150.0
670,7.0,350.0,750.0,150.0,350.0
671,5.0,150.0,550.0,70.0,0.0
672,7.0,70.0,70.0,0.0,90.0
673,2.0,30.0,150.0,0.0,0.0
674,5.0,1000.0,50.0,150.0,150.0
675,2.0,150.0,750.0,0.0,0.0
676,8.0,250.0,1000.0,250.0,250.0
677,9.0,90.0,250.0,70.0,90.0
678,7.0,150.0,750.0,70.0,0.0
679,8.0,30.0,350.0,0.0,50.0
680,8.0,70.0,70.0,30.0,250.0
681,8.0,150.0,1000.0,90.0,90.0
682,10.0,1000.0,650.0,650.0,850.0
683,6.0,150.0,350.0,90.0,350.0
684,7.0,70.0,850.0,0.0,70.0
685,6.0,350.0,650.0,50.0,350.0
686,7.0,50.0,550.0,10.0,30.0
687,4.0,150.0,850.0,50.0,150.0
688,8.0,150.0,650.0,150.0,150.0
689,7.0,30.0,550.0,0.0,50.0
690,0.0,90.0,650.0,70.0,70.0
691,8.0,90.0,750.0,50.0,250.0
692,8.0,90.0,550.0,0.0,0.0
693,7.0,50.0,50.0,0.0,50.0
694,5.0,70.0,750.0,50.0,90.0
695,8.0,250.0,550.0,150.0,250.0
696,7.0,0.0,550.0,0.0,0.0
697,6.0,90.0,750.0,0.0,90.0
698,6.0,90.0,650.0,0.0,250.0
699,7.0,70.0,250.0,70.0,90.0
700,1.0,50.0,450.0,30.0,0.0
701,7.0,350.0,750.0,750.0,850.0
702,7.0,70.0,70.0,0.0,0.0
703,7.0,70.0,150.0,10.0,70.0
704,0.0,30.0,10.0,0.0,0.0
705,8.0,70.0,550.0,0.0,90.0
706,8.0,250.0,350.0,250.0,250.0
707,6.0,250.0,750.0,0.0,250.0
708,7.0,250.0,450.0,90.0,250.0
709,8.0,90.0,550.0,0.0,0.0
710,8.0,70.0,150.0,0.0,0.0
711,6.0,450.0,950.0,150.0,950.0
712,9.0,1000.0,750.0,850.0,750.0
713,8.0,750.0,650.0,0.0,0.0
714,9.0,90.0,150.0,0.0,0.0
715,4.0,70.0,250.0,0.0,70.0
716,10.0,350.0,1000.0,90.0,450.0
717,9.0,50.0,150.0,10.0,150.0
718,8.0,70.0,30.0,0.0,0.0
719,7.0,30.0,650.0,0.0,70.0
720,7.0,30.0,50.0,0.0,50.0
721,7.0,250.0,650.0,50.0,70.0
722,8.0,70.0,750.0,0.0,250.0
723,4.0,70.0,250.0,0.0,250.0
724,5.0,250.0,550.0,0.0,250.0
725,8.0,550.0,950.0,150.0,450.0
726,6.0,70.0,90.0,0.0,70.0
727,6.0,250.0,70.0,150.0,150.0
728,6.0,90.0,550.0,90.0,90.0
729,7.0,50.0,350.0,0.0,0.0
730,8.0,90.0,1000.0,0.0,250.0
731,9.0,70.0,150.0,0.0,70.0
732,8.0,250.0,550.0,0.0,0.0
733,7.0,90.0,1000.0,30.0,250.0
734,6.0,70.0,70.0,0.0,350.0
735,7.0,50.0,50.0,0.0,0.0
736,7.0,70.0,550.0,150.0,0.0
737,7.0,30.0,250.0,10.0,0.0
738,6.0,90.0,150.0,0.0,50.0
739,8.0,0.0,650.0,0.0,0.0
740,7.0,650.0,250.0,0.0,450.0
741,7.0,70.0,650.0,250.0,450.0
742,7.0,350.0,70.0,0.0,650.0
743,7.0,90.0,450.0,0.0,50.0
744,7.0,50.0,250.0,50.0,90.0
745,4.0,30.0,10.0,0.0,0.0
746,10.0,650.0,950.0,450.0,550.0
747,7.0,70.0,550.0,30.0,0.0
748,10.0,250.0,850.0,150.0,950.0
749,8.0,50.0,550.0,0.0,50.0
750,4.0,50.0,50.0,0.0,70.0
751,8.0,150.0,750.0,50.0,0.0
752,7.0,250.0,850.0,70.0,850.0
753,8.0,50.0,350.0,90.0,650.0
754,6.0,70.0,70.0,50.0,70.0
755,8.0,90.0,50.0,30.0,70.0
756,6.0,0.0,150.0,0.0,0.0
757,7.0,0.0,70.0,0.0,0.0
758,8.0,0.0,350.0,0.0,0.0
759,6.0,250.0,90.0,90.0,350.0
760,5.0,250.0,750.0,50.0,250.0
761,4.0,350.0,450.0,90.0,350.0
762,5.0,50.0,550.0,0.0,0.0
763,5.0,0.0,750.0,0.0,250.0
764,5.0,30.0,50.0,0.0,0.0
765,8.0,70.0,550.0,0.0,250.0
766,2.0,0.0,550.0,0.0,0.0
767,6.0,0.0,10.0,0.0,0.0
768,9.0,50.0,350.0,0.0,70.0
769,8.0,150.0,550.0,0.0,350.0
770,5.0,450.0,1000.0,350.0,450.0
771,4.0,70.0,550.0,30.0,90.0
772,6.0,30.0,30.0,0.0,30.0
773,2.0,0.0,,0.0,0.0
774,6.0,90.0,350.0,50.0,550.0
775,7.0,550.0,850.0,0.0,0.0
776,5.0,0.0,850.0,30.0,0.0
777,7.0,250.0,30.0,70.0,250.0
778,7.0,70.0,90.0,0.0,0.0
779,10.0,150.0,650.0,150.0,70.0
780,7.0,150.0,650.0,150.0,150.0
781,8.0,90.0,1000.0,90.0,70.0
782,7.0,350.0,70.0,30.0,350.0
783,6.0,70.0,750.0,0.0,50.0
784,8.0,850.0,50.0,70.0,150.0
785,5.0,0.0,50.0,30.0,0.0
786,10.0,250.0,550.0,90.0,550.0
787,6.0,0.0,150.0,10.0,250.0
788,4.0,0.0,30.0,0.0,50.0
789,4.0,0.0,650.0,150.0,0.0
790,7.0,150.0,550.0,30.0,150.0
791,8.0,70.0,70.0,50.0,70.0
792,7.0,70.0,250.0,150.0,350.0
793,10.0,250.0,850.0,150.0,150.0
794,8.0,70.0,1000.0,50.0,70.0
795,10.0,750.0,550.0,550.0,650.0
796,6.0,250.0,10.0,150.0,250.0
797,7.0,70.0,650.0,0.0,350.0
798,10.0,0.0,1000.0,0.0,0.0
799,7.0,50.0,50.0,50.0,0.0
800,9.0,70.0,850.0,0.0,90.0
801,8.0,350.0,750.0,50.0,250.0
802,10.0,250.0,150.0,0.0,70.0
803,5.0,70.0,30.0,50.0,50.0
804,6.0,650.0,550.0,150.0,250.0
805,5.0,350.0,90.0,50.0,450.0
806,7.0,90.0,550.0,150.0,250.0
807,5.0,50.0,50.0,10.0,50.0
808,9.0,350.0,1000.0,550.0,850.0
809,10.0,650.0,50.0,750.0,850.0
810,6.0,70.0,90.0,0.0,70.0
811,9.0,150.0,30.0,70.0,70.0
812,7.0,150.0,450.0,70.0,90.0
813,7.0,70.0,550.0,150.0,70.0
814,5.0,250.0,550.0,0.0,350.0
815,7.0,750.0,1000.0,550.0,650.0
816,8.0,0.0,150.0,0.0,0.0
817,7.0,250.0,250.0,550.0,250.0
818,5.0,90.0,950.0,30.0,350.0
819,8.0,150.0,950.0,0.0,150.0
820,7.0,70.0,90.0,0.0,70.0
821,8.0,0.0,10.0,0.0,0.0
822,8.0,250.0,650.0,50.0,350.0
823,7.0,0.0,550.0,150.0,0.0
824,8.0,70.0,350.0,0.0,70.0
825,6.0,250.0,1000.0,0.0,350.0
826,4.0,70.0,350.0,0.0,90.0
827,5.0,30.0,90.0,0.0,0.0
828,10.0,250.0,750.0,650.0,350.0
829,4.0,250.0,650.0,70.0,0.0
830,6.0,250.0,450.0,0.0,250.0
831,8.0,0.0,550.0,0.0,70.0
832,10.0,650.0,30.0,10.0,50.0
833,8.0,350.0,550.0,0.0,450.0
834,7.0,30.0,90.0,50.0,150.0
835,8.0,250.0,950.0,90.0,150.0
836,3.0,50.0,250.0,50.0,0.0
837,10.0,70.0,750.0,70.0,250.0
838,7.0,90.0,90.0,30.0,90.0
839,7.0,90.0,950.0,10.0,30.0
840,6.0,250.0,750.0,30.0,250.0
841,5.0,0.0,250.0,0.0,250.0
842,8.0,650.0,550.0,550.0,650.0
843,6.0,0.0,550.0,0.0,0.0
844,3.0,250.0,10.0,0.0,0.0
845,4.0,50.0,650.0,10.0,50.0
846,5.0,0.0,850.0,0.0,0.0
847,8.0,70.0,650.0,0.0,70.0
848,9.0,0.0,90.0,0.0,350.0
849,6.0,90.0,90.0,0.0,0.0
850,7.0,150.0,150.0,50.0,250.0
851,10.0,0.0,750.0,0.0,0.0
852,6.0,50.0,90.0,0.0,50.0
853,9.0,350.0,650.0,70.0,150.0
854,5.0,50.0,250.0,0.0,0.0
855,5.0,250.0,950.0,0.0,90.0
856,8.0,350.0,450.0,150.0,450.0
857,7.0,250.0,550.0,30.0,150.0
858,5.0,90.0,50.0,0.0,0.0
859,9.0,50.0,90.0,0.0,0.0
860,9.0,450.0,1000.0,250.0,250.0
861,10.0,1000.0,850.0,150.0,1000.0
862,2.0,70.0,70.0,0.0,0.0
863,3.0,150.0,250.0,50.0,70.0
864,6.0,250.0,950.0,0.0,90.0
865,9.0,0.0,1000.0,0.0,0.0
866,7.0,50.0,150.0,0.0,90.0
867,8.0,70.0,150.0,30.0,50.0
868,5.0,70.0,30.0,30.0,90.0
869,6.0,250.0,550.0,150.0,70.0
870,0.0,0.0,1000.0,0.0,0.0
871,7.0,50.0,650.0,0.0,70.0
872,6.0,0.0,650.0,0.0,150.0
873,6.0,550.0,750.0,0.0,0.0
874,5.0,0.0,350.0,0.0,0.0
875,6.0,90.0,150.0,0.0,0.0
876,7.0,350.0,150.0,0.0,350.0
877,3.0,0.0,70.0,0.0,90.0
878,8.0,250.0,550.0,0.0,250.0
879,8.0,750.0,950.0,250.0,650.0
880,5.0,70.0,70.0,150.0,30.0
881,8.0,550.0,150.0,150.0,70.0
882,8.0,550.0,350.0,0.0,150.0
883,7.0,350.0,550.0,50.0,250.0
884,9.0,250.0,10.0,150.0,450.0
885,10.0,350.0,450.0,150.0,90.0
886,10.0,150.0,550.0,450.0,350.0
887,8.0,250.0,90.0,0.0,150.0
888,8.0,350.0,50.0,90.0,0.0
889,2.0,70.0,650.0,0.0,0.0
890,5.0,0.0,70.0,0.0,0.0
891,9.0,90.0,50.0,70.0,90.0
892,8.0,,1000.0,1000.0,
893,1.0,0.0,50.0,0.0,0.0
894,7.0,0.0,850.0,0.0,0.0
895,5.0,350.0,750.0,0.0,350.0
896,8.0,350.0,1000.0,0.0,150.0
897,10.0,750.0,250.0,90.0,150.0
898,9.0,70.0,750.0,550.0,650.0
899,5.0,90.0,750.0,0.0,70.0
900,8.0,70.0,90.0,30.0,0.0
901,8.0,50.0,150.0,0.0,70.0
902,8.0,250.0,650.0,0.0,150.0
903,5.0,350.0,90.0,350.0,350.0
904,3.0,0.0,10.0,0.0,0.0
905,10.0,30.0,70.0,0.0,0.0
906,3.0,90.0,1000.0,0.0,250.0
907,9.0,650.0,850.0,750.0,950.0
908,8.0,90.0,450.0,50.0,70.0
909,6.0,50.0,90.0,0.0,70.0
910,7.0,70.0,10.0,30.0,0.0
911,2.0,0.0,90.0,0.0,250.0
912,8.0,0.0,50.0,0.0,0.0
913,9.0,,1000.0,1000.0,
914,10.0,,1000.0,1000.0,
915,7.0,0.0,750.0,30.0,0.0
916,2.0,30.0,70.0,0.0,50.0
917,8.0,70.0,450.0,0.0,150.0
918,8.0,0.0,850.0,950.0,0.0
919,4.0,250.0,450.0,30.0,250.0
920,5.0,250.0,850.0,650.0,450.0
921,,0.0,,0.0,0.0
922,7.0,350.0,50.0,70.0,150.0
923,6.0,150.0,750.0,50.0,150.0
924,7.0,90.0,950.0,90.0,350.0
925,7.0,250.0,550.0,0.0,0.0
926,7.0,70.0,450.0,50.0,70.0
927,10.0,850.0,650.0,750.0,650.0
928,1.0,50.0,70.0,0.0,50.0
929,8.0,250.0,750.0,150.0,250.0
930,9.0,650.0,350.0,350.0,550.0
931,10.0,90.0,750.0,750.0,950.0
932,9.0,250.0,650.0,0.0,250.0
933,6.0,50.0,650.0,150.0,0.0
934,9.0,850.0,750.0,950.0,950.0
935,6.0,150.0,650.0,50.0,90.0
936,7.0,250.0,350.0,350.0,450.0
937,7.0,250.0,350.0,70.0,250.0
938,6.0,250.0,550.0,90.0,250.0
939,6.0,0.0,90.0,0.0,0.0
940,8.0,550.0,550.0,30.0,250.0
941,7.0,0.0,650.0,0.0,0.0
942,7.0,70.0,450.0,0.0,0.0
943,9.0,0.0,550.0,0.0,0.0
944,9.0,50.0,70.0,70.0,70.0
945,8.0,250.0,750.0,0.0,350.0
946,8.0,150.0,1000.0,150.0,350.0
947,8.0,0.0,50.0,30.0,0.0
948,,0.0,,0.0,0.0
949,9.0,850.0,750.0,850.0,850.0
950,8.0,50.0,550.0,0.0,50.0
951,5.0,50.0,650.0,650.0,90.0
952,6.0,70.0,90.0,0.0,0.0
953,10.0,550.0,950.0,0.0,0.0
954,8.0,70.0,650.0,50.0,250.0
955,8.0,450.0,750.0,0.0,250.0
956,10.0,0.0,650.0,50.0,0.0
957,9.0,950.0,350.0,750.0,250.0
958,,0.0,,0.0,0.0
959,10.0,1000.0,950.0,950.0,150.0
960,4.0,90.0,450.0,0.0,150.0
961,7.0,30.0,350.0,0.0,0.0
962,8.0,70.0,50.0,0.0,70.0
963,7.0,90.0,650.0,0.0,0.0
964,7.0,250.0,350.0,0.0,0.0
965,7.0,250.0,550.0,150.0,250.0
966,6.0,70.0,10.0,0.0,450.0
967,6.0,0.0,90.0,0.0,70.0
968,6.0,90.0,650.0,0.0,350.0
969,9.0,850.0,550.0,150.0,850.0
970,10.0,150.0,450.0,90.0,150.0
971,7.0,90.0,550.0,150.0,150.0
972,5.0,0.0,30.0,0.0,0.0
973,9.0,0.0,1000.0,0.0,250.0
974,6.0,450.0,450.0,150.0,350.0
975,10.0,350.0,550.0,30.0,150.0
976,8.0,0.0,150.0,0.0,0.0
977,3.0,150.0,750.0,150.0,50.0
978,6.0,950.0,1000.0,0.0,0.0
979,8.0,250.0,350.0,0.0,70.0
980,9.0,70.0,550.0,70.0,350.0
981,7.0,150.0,650.0,0.0,90.0
982,8.0,450.0,650.0,30.0,350.0
983,8.0,30.0,30.0,10.0,0.0
984,2.0,50.0,250.0,0.0,0.0
985,6.0,50.0,90.0,50.0,50.0
986,9.0,90.0,750.0,150.0,250.0
987,7.0,30.0,90.0,10.0,0.0
988,8.0,350.0,850.0,0.0,250.0
989,4.0,250.0,550.0,250.0,250.0
990,8.0,70.0,450.0,0.0,90.0
991,5.0,90.0,90.0,150.0,70.0
992,8.0,0.0,550.0,0.0,0.0
993,8.0,250.0,550.0,0.0,350.0
994,4.0,250.0,550.0,150.0,250.0
995,6.0,90.0,450.0,0.0,150.0
996,6.0,50.0,350.0,30.0,90.0
997,5.0,50.0,350.0,0.0,70.0
998,6.0,0.0,1000.0,0.0,0.0
999,7.0,0.0,50.0,0.0,0.0
1000,10.0,150.0,90.0,70.0,90.0
1001,9.0,30.0,70.0,0.0,50.0
1002,7.0,50.0,650.0,30.0,0.0
1003,7.0,70.0,150.0,0.0,350.0
1004,10.0,250.0,550.0,0.0,0.0
1005,7.0,250.0,650.0,0.0,0.0
1006,7.0,250.0,550.0,0.0,250.0
1007,6.0,0.0,150.0,0.0,0.0
1008,3.0,0.0,50.0,0.0,0.0
1009,4.0,70.0,450.0,90.0,0.0
1010,4.0,150.0,150.0,350.0,250.0
1011,7.0,90.0,650.0,150.0,250.0
1012,10.0,50.0,350.0,550.0,450.0
1013,7.0,150.0,70.0,90.0,250.0
1014,5.0,0.0,550.0,0.0,0.0
1015,5.0,30.0,90.0,0.0,90.0
1016,8.0,0.0,750.0,0.0,0.0
1017,8.0,50.0,150.0,0.0,70.0
1018,5.0,50.0,650.0,30.0,70.0
1019,8.0,250.0,750.0,0.0,0.0
1020,4.0,30.0,30.0,30.0,0.0
1021,9.0,90.0,50.0,70.0,30.0
1022,9.0,90.0,70.0,0.0,0.0
1023,7.0,70.0,70.0,550.0,250.0
1024,7.0,0.0,250.0,0.0,0.0
1025,8.0,0.0,750.0,0.0,70.0
1026,10.0,0.0,,0.0,0.0
1027,10.0,0.0,550.0,0.0,0.0
1028,10.0,30.0,150.0,0.0,0.0
1029,4.0,350.0,90.0,0.0,150.0
1030,8.0,350.0,650.0,0.0,250.0
1031,4.0,70.0,850.0,70.0,70.0
1032,5.0,90.0,650.0,30.0,350.0
1033,9.0,90.0,150.0,50.0,250.0
1034,5.0,250.0,150.0,0.0,0.0
1035,6.0,250.0,550.0,0.0,250.0
1036,6.0,250.0,150.0,0.0,90.0
1037,7.0,50.0,550.0,0.0,0.0
1038,7.0,0.0,50.0,0.0,0.0
1039,6.0,0.0,550.0,0.0,0.0
1040,8.0,50.0,650.0,0.0,250.0
1041,5.0,90.0,250.0,0.0,150.0
1042,5.0,70.0,550.0,0.0,0.0
1043,,0.0,,0.0,0.0
1044,7.0,250.0,550.0,70.0,250.0
1045,8.0,150.0,90.0,0.0,50.0
1046,5.0,70.0,650.0,70.0,70.0
1047,8.0,150.0,1000.0,0.0,250.0
1048,7.0,0.0,350.0,0.0,0.0
1049,8.0,250.0,650.0,0.0,350.0
1050,8.0,350.0,550.0,0.0,250.0
1051,8.0,70.0,50.0,30.0,70.0
1052,9.0,70.0,70.0,450.0,50.0
1053,4.0,90.0,950.0,50.0,50.0
1054,7.0,250.0,750.0,90.0,90.0
1055,8.0,450.0,750.0,0.0,250.0
1056,10.0,150.0,550.0,90.0,150.0
1057,7.0,50.0,550.0,50.0,0.0
1058,6.0,0.0,450.0,1000.0,0.0
1059,10.0,0.0,70.0,0.0,0.0
1060,5.0,0.0,650.0,0.0,0.0
1061,4.0,0.0,550.0,0.0,0.0
1062,4.0,550.0,1000.0,0.0,0.0
1063,10.0,0.0,750.0,0.0,0.0
1064,9.0,250.0,550.0,150.0,250.0
1065,3.0,70.0,550.0,0.0,50.0
1066,6.0,0.0,10.0,0.0,0.0
1067,7.0,250.0,650.0,150.0,450.0
1068,5.0,50.0,550.0,150.0,0.0
1069,8.0,0.0,950.0,0.0,550.0
1070,7.0,70.0,750.0,0.0,0.0
1071,5.0,250.0,750.0,70.0,70.0
1072,10.0,,1000.0,1000.0,1000.0
1073,7.0,70.0,1000.0,70.0,450.0
1074,8.0,0.0,250.0,0.0,0.0
1075,8.0,,550.0,1000.0,
1076,6.0,70.0,550.0,0.0,70.0
1077,3.0,90.0,450.0,350.0,550.0
1078,10.0,650.0,550.0,550.0,650.0
1079,9.0,350.0,550.0,70.0,90.0
1080,6.0,70.0,250.0,90.0,0.0
1081,7.0,250.0,750.0,0.0,250.0
1082,6.0,250.0,850.0,0.0,0.0
1083,7.0,70.0,1000.0,0.0,90.0
1084,7.0,250.0,850.0,70.0,250.0
1085,6.0,50.0,30.0,0.0,50.0
1086,7.0,250.0,1000.0,150.0,350.0
1087,7.0,30.0,850.0,0.0,50.0
1088,8.0,250.0,1000.0,250.0,650.0
1089,7.0,250.0,1000.0,150.0,0.0
1090,7.0,0.0,250.0,0.0,150.0
1091,6.0,250.0,550.0,150.0,50.0
1092,3.0,0.0,650.0,150.0,0.0
1093,5.0,0.0,50.0,0.0,0.0
1094,10.0,950.0,850.0,850.0,150.0
1095,8.0,350.0,1000.0,0.0,350.0
1096,1.0,0.0,30.0,0.0,50.0
1097,7.0,150.0,90.0,0.0,0.0
1098,7.0,0.0,750.0,0.0,0.0
1099,8.0,70.0,750.0,0.0,150.0
1100,9.0,30.0,90.0,90.0,50.0
1101,6.0,70.0,950.0,0.0,250.0
1102,9.0,250.0,150.0,70.0,90.0
1103,6.0,0.0,1000.0,750.0,950.0
1104,9.0,50.0,150.0,0.0,0.0
1105,6.0,150.0,650.0,50.0,50.0
1106,8.0,250.0,850.0,0.0,0.0
1107,9.0,90.0,650.0,30.0,30.0
1108,7.0,250.0,250.0,0.0,250.0
1109,9.0,150.0,650.0,70.0,150.0
1110,9.0,250.0,850.0,850.0,950.0
1111,8.0,250.0,550.0,150.0,250.0
1112,7.0,150.0,90.0,150.0,150.0
1113,10.0,350.0,550.0,150.0,250.0
1114,4.0,90.0,450.0,50.0,250.0
1115,5.0,250.0,650.0,30.0,70.0
1116,10.0,50.0,550.0,30.0,0.0
1117,7.0,70.0,650.0,150.0,250.0
1118,7.0,50.0,350.0,0.0,0.0
1119,7.0,70.0,550.0,0.0,0.0
1120,8.0,70.0,10.0,70.0,90.0
1121,8.0,750.0,650.0,250.0,250.0
1122,6.0,250.0,1000.0,0.0,450.0
1123,6.0,250.0,350.0,30.0,0.0
1124,8.0,90.0,250.0,0.0,0.0
1125,,0.0,,0.0,0.0
1126,5.0,250.0,550.0,0.0,150.0
1127,9.0,150.0,650.0,0.0,250.0
1128,6.0,30.0,90.0,0.0,0.0
1129,8.0,250.0,950.0,150.0,350.0
1130,2.0,70.0,50.0,0.0,0.0
1131,5.0,250.0,1000.0,0.0,0.0
1132,8.0,250.0,550.0,150.0,250.0
1133,6.0,70.0,50.0,0.0,0.0
1134,7.0,250.0,30.0,0.0,350.0
1135,7.0,70.0,70.0,0.0,50.0
1136,8.0,250.0,950.0,250.0,850.0
1137,5.0,0.0,50.0,0.0,0.0
1138,,0.0,,0.0,0.0
1139,6.0,70.0,550.0,0.0,350.0
1140,10.0,0.0,,0.0,0.0
1141,9.0,250.0,90.0,70.0,90.0
1142,5.0,50.0,450.0,0.0,
1143,7.0,70.0,150.0,0.0,70.0
1144,6.0,250.0,950.0,250.0,650.0
1145,10.0,50.0,30.0,90.0,150.0
1146,5.0,70.0,90.0,250.0,250.0
1147,10.0,70.0,550.0,0.0,150.0
1148,10.0,350.0,250.0,70.0,250.0
1149,7.0,350.0,450.0,90.0,350.0
1150,10.0,90.0,450.0,90.0,150.0
1151,7.0,250.0,550.0,70.0,50.0
1152,5.0,90.0,250.0,30.0,50.0
1153,3.0,70.0,450.0,0.0,0.0
1154,5.0,50.0,550.0,250.0,0.0
1155,,0.0,,0.0,0.0
1156,6.0,750.0,650.0,0.0,0.0
1157,10.0,650.0,90.0,150.0,450.0
1158,9.0,250.0,950.0,450.0,650.0
1159,5.0,90.0,450.0,50.0,150.0
1160,6.0,0.0,550.0,70.0,0.0
1161,8.0,250.0,1000.0,0.0,250.0
1162,9.0,350.0,750.0,150.0,350.0
1163,5.0,650.0,90.0,0.0,250.0
1164,6.0,0.0,250.0,0.0,70.0
1165,7.0,150.0,750.0,50.0,50.0
1166,8.0,650.0,1000.0,0.0,0.0
1167,7.0,90.0,550.0,0.0,250.0
1168,8.0,250.0,350.0,150.0,0.0
1169,5.0,250.0,450.0,0.0,90.0
1170,8.0,50.0,90.0,30.0,0.0
1171,8.0,90.0,90.0,90.0,70.0
1172,6.0,50.0,850.0,0.0,0.0
1173,9.0,950.0,750.0,750.0,950.0
1174,4.0,250.0,550.0,70.0,150.0
1175,8.0,0.0,450.0,0.0,0.0
1176,6.0,70.0,650.0,70.0,150.0
1177,5.0,150.0,450.0,90.0,550.0
1178,8.0,70.0,250.0,0.0,0.0
1179,8.0,250.0,10.0,50.0,0.0
1180,5.0,90.0,650.0,0.0,0.0
1181,4.0,150.0,550.0,30.0,50.0
1182,7.0,650.0,550.0,0.0,450.0
1183,5.0,50.0,90.0,10.0,50.0
1184,8.0,90.0,250.0,50.0,50.0
1185,8.0,250.0,750.0,90.0,450.0
1186,7.0,30.0,650.0,0.0,90.0
1187,9.0,70.0,30.0,250.0,550.0
1188,5.0,50.0,10.0,0.0,0.0
1189,7.0,70.0,150.0,0.0,150.0
1190,8.0,0.0,,0.0,0.0
1191,5.0,450.0,550.0,250.0,350.0
1192,7.0,450.0,1000.0,450.0,250.0
1193,8.0,90.0,950.0,70.0,250.0
1194,6.0,90.0,950.0,150.0,750.0
1195,8.0,30.0,70.0,30.0,70.0
1196,2.0,50.0,150.0,10.0,30.0
1197,8.0,150.0,850.0,0.0,0.0
1198,6.0,950.0,850.0,0.0,850.0
1199,5.0,70.0,30.0,0.0,0.0
1200,7.0,250.0,450.0,0.0,90.0
1201,7.0,0.0,350.0,950.0,850.0
1202,8.0,50.0,550.0,0.0,0.0
1203,4.0,50.0,90.0,0.0,0.0
1204,6.0,70.0,70.0,0.0,450.0
1205,5.0,550.0,90.0,0.0,150.0
1206,7.0,250.0,90.0,150.0,250.0
1207,9.0,450.0,1000.0,70.0,150.0
1208,8.0,250.0,450.0,250.0,90.0
1209,7.0,250.0,350.0,350.0,250.0
1210,10.0,0.0,,0.0,0.0
1211,7.0,70.0,90.0,0.0,150.0
1212,7.0,250.0,350.0,70.0,250.0
1213,8.0,250.0,550.0,250.0,450.0
1214,7.0,0.0,1000.0,0.0,0.0
1215,8.0,90.0,650.0,0.0,0.0
1216,8.0,350.0,650.0,0.0,450.0
1217,6.0,150.0,450.0,0.0,90.0
1218,7.0,90.0,70.0,0.0,0.0
1219,7.0,450.0,750.0,250.0,450.0
1220,7.0,350.0,1000.0,70.0,250.0
1221,7.0,90.0,650.0,0.0,70.0
1222,6.0,70.0,1000.0,150.0,250.0
1223,9.0,150.0,90.0,90.0,150.0
1224,,0.0,,0.0,0.0
1225,4.0,0.0,450.0,0.0,0.0
1226,10.0,30.0,950.0,10.0,30.0
1227,6.0,0.0,30.0,0.0,0.0
1228,5.0,50.0,90.0,0.0,70.0
1229,0.0,0.0,750.0,0.0,0.0
1230,5.0,0.0,30.0,0.0,0.0
1231,6.0,250.0,250.0,50.0,90.0
1232,10.0,950.0,1000.0,650.0,850.0
1233,4.0,90.0,250.0,0.0,0.0
1234,10.0,70.0,50.0,0.0,0.0
1235,7.0,50.0,250.0,90.0,0.0
1236,8.0,50.0,70.0,0.0,30.0
1237,10.0,30.0,10.0,0.0,0.0
1238,6.0,150.0,150.0,0.0,250.0
1239,9.0,550.0,550.0,150.0,250.0
1240,6.0,50.0,30.0,0.0,0.0
1241,9.0,250.0,1000.0,0.0,0.0
1242,10.0,50.0,70.0,0.0,70.0
1243,4.0,0.0,850.0,650.0,0.0
1244,6.0,250.0,750.0,150.0,250.0
1245,6.0,0.0,70.0,0.0,0.0
1246,10.0,0.0,650.0,70.0,0.0
1247,5.0,50.0,10.0,10.0,30.0
1248,9.0,90.0,450.0,0.0,350.0
1249,4.0,90.0,550.0,0.0,0.0
1250,5.0,150.0,650.0,0.0,70.0
1251,6.0,30.0,850.0,0.0,0.0
1252,10.0,250.0,1000.0,30.0,150.0
1253,6.0,0.0,550.0,0.0,90.0
1254,8.0,90.0,1000.0,0.0,0.0
1255,10.0,250.0,90.0,0.0,0.0
1256,7.0,70.0,550.0,150.0,850.0
1257,8.0,90.0,450.0,70.0,250.0
1258,8.0,150.0,550.0,50.0,150.0
1259,3.0,150.0,550.0,0.0,550.0
1260,4.0,250.0,1000.0,50.0,90.0
1261,8.0,150.0,150.0,90.0,90.0
1262,4.0,150.0,150.0,0.0,0.0
1263,10.0,90.0,1000.0,50.0,90.0
1264,6.0,0.0,550.0,0.0,0.0
1265,6.0,250.0,950.0,0.0,70.0
1266,6.0,0.0,1000.0,0.0,0.0
1267,6.0,0.0,90.0,0.0,0.0
1268,5.0,90.0,70.0,0.0,50.0
1269,7.0,450.0,250.0,0.0,0.0
1270,1.0,150.0,50.0,150.0,70.0
1271,,0.0,,0.0,0.0
1272,7.0,70.0,1000.0,50.0,150.0
1273,5.0,70.0,750.0,30.0,70.0
1274,7.0,950.0,750.0,850.0,250.0
1275,6.0,70.0,90.0,0.0,250.0
1276,8.0,950.0,1000.0,950.0,550.0
1277,9.0,70.0,550.0,0.0,90.0
1278,7.0,90.0,250.0,70.0,70.0
1279,8.0,550.0,750.0,0.0,0.0
1280,8.0,0.0,150.0,0.0,0.0
1281,7.0,90.0,450.0,0.0,250.0
1282,7.0,250.0,750.0,150.0,70.0
1283,6.0,50.0,650.0,250.0,0.0
1284,5.0,90.0,950.0,0.0,0.0
1285,,0.0,,0.0,0.0
1286,6.0,0.0,90.0,0.0,90.0
1287,10.0,90.0,70.0,50.0,30.0
1288,2.0,30.0,350.0,10.0,50.0
1289,8.0,950.0,750.0,750.0,550.0
1290,7.0,0.0,850.0,0.0,1000.0
1291,5.0,150.0,1000.0,0.0,90.0
1292,10.0,50.0,750.0,50.0,90.0
1293,3.0,650.0,650.0,0.0,250.0
1294,9.0,750.0,650.0,150.0,850.0
1295,8.0,50.0,950.0,0.0,0.0
1296,8.0,0.0,450.0,150.0,0.0
1297,4.0,150.0,550.0,70.0,90.0
1298,6.0,70.0,50.0,150.0,250.0
1299,6.0,50.0,90.0,10.0,70.0
1300,3.0,0.0,750.0,150.0,0.0
1301,7.0,150.0,550.0,0.0,90.0
1302,10.0,550.0,550.0,250.0,150.0
1303,7.0,350.0,1000.0,750.0,0.0
1304,6.0,70.0,850.0,90.0,0.0
1305,8.0,450.0,950.0,150.0,250.0
1306,7.0,150.0,550.0,0.0,150.0
1307,7.0,450.0,750.0,350.0,450.0
1308,6.0,150.0,70.0,150.0,150.0
1309,4.0,90.0,250.0,0.0,70.0
1310,3.0,350.0,650.0,150.0,450.0
1311,5.0,150.0,750.0,150.0,350.0
1312,7.0,0.0,750.0,0.0,0.0
1313,8.0,250.0,550.0,50.0,350.0
1314,3.0,50.0,650.0,0.0,0.0
1315,5.0,50.0,150.0,70.0,50.0
1316,10.0,1000.0,1000.0,950.0,1000.0
1317,7.0,250.0,1000.0,0.0,250.0
1318,9.0,250.0,550.0,150.0,150.0
1319,5.0,150.0,1000.0,250.0,650.0
1320,10.0,750.0,750.0,650.0,750.0
1321,8.0,70.0,550.0,30.0,250.0
1322,7.0,350.0,1000.0,0.0,250.0
1323,9.0,150.0,750.0,0.0,250.0
1324,8.0,250.0,850.0,0.0,250.0
1325,6.0,70.0,1000.0,0.0,150.0
1326,7.0,50.0,550.0,0.0,50.0
1327,10.0,0.0,150.0,0.0,0.0
1328,7.0,0.0,350.0,0.0,0.0
1329,5.0,150.0,750.0,0.0,250.0
1330,8.0,50.0,30.0,10.0,50.0
1331,3.0,1000.0,750.0,0.0,0.0
1332,,0.0,,0.0,0.0
1333,5.0,850.0,650.0,70.0,850.0
1334,8.0,450.0,650.0,90.0,250.0
1335,7.0,70.0,90.0,50.0,90.0
1336,10.0,150.0,750.0,150.0,150.0
1337,9.0,1000.0,550.0,50.0,1000.0
1338,8.0,70.0,450.0,10.0,70.0
1339,4.0,0.0,750.0,0.0,0.0
1340,1.0,0.0,90.0,150.0,0.0
1341,5.0,70.0,650.0,0.0,0.0
1342,6.0,90.0,50.0,0.0,30.0
1343,8.0,0.0,350.0,0.0,0.0
1344,8.0,150.0,90.0,0.0,250.0
1345,8.0,150.0,50.0,550.0,1000.0
1346,7.0,750.0,550.0,150.0,450.0
1347,7.0,450.0,750.0,150.0,850.0
1348,8.0,50.0,150.0,0.0,70.0
1349,10.0,50.0,550.0,30.0,150.0
1350,7.0,150.0,50.0,150.0,0.0
1351,9.0,450.0,650.0,150.0,250.0
1352,8.0,150.0,450.0,150.0,450.0
1353,5.0,150.0,50.0,0.0,0.0
1354,8.0,250.0,1000.0,0.0,550.0
1355,6.0,250.0,250.0,70.0,250.0
1356,8.0,50.0,50.0,0.0,90.0
1357,10.0,50.0,550.0,250.0,0.0
1358,7.0,250.0,550.0,10.0,250.0
1359,6.0,90.0,650.0,0.0,50.0
1360,7.0,70.0,550.0,50.0,90.0
1361,7.0,150.0,250.0,0.0,0.0
1362,6.0,250.0,70.0,0.0,70.0
1363,4.0,550.0,550.0,450.0,650.0
1364,7.0,0.0,550.0,0.0,90.0
1365,6.0,150.0,90.0,0.0,90.0
1366,7.0,150.0,350.0,0.0,0.0
1367,8.0,350.0,750.0,350.0,850.0
1368,7.0,70.0,450.0,150.0,150.0
1369,9.0,0.0,550.0,0.0,1000.0
1370,7.0,50.0,850.0,50.0,150.0
1371,8.0,450.0,950.0,450.0,550.0
1372,10.0,70.0,150.0,10.0,0.0
1373,2.0,0.0,,0.0,0.0
1374,8.0,0.0,,0.0,0.0
1375,5.0,70.0,70.0,70.0,0.0
1376,6.0,0.0,150.0,0.0,0.0
1377,8.0,70.0,850.0,150.0,70.0
1378,5.0,250.0,550.0,90.0,150.0
1379,7.0,550.0,750.0,0.0,650.0
1380,5.0,350.0,30.0,250.0,90.0
1381,,0.0,,0.0,0.0
1382,,0.0,,0.0,0.0
1383,7.0,150.0,350.0,90.0,50.0
1384,,0.0,,0.0,0.0
1385,6.0,70.0,450.0,0.0,0.0
1386,8.0,250.0,650.0,90.0,70.0
1387,1.0,50.0,150.0,0.0,0.0
1388,0.0,30.0,150.0,0.0,0.0
1389,7.0,70.0,30.0,0.0,0.0
1390,8.0,350.0,550.0,70.0,150.0
1391,5.0,150.0,250.0,0.0,250.0
1392,5.0,0.0,550.0,0.0,0.0
1393,7.0,90.0,250.0,250.0,350.0
1394,8.0,90.0,150.0,150.0,350.0
1395,7.0,250.0,750.0,0.0,250.0
1396,7.0,150.0,550.0,150.0,70.0
1397,2.0,0.0,550.0,0.0,0.0
1398,6.0,70.0,30.0,0.0,30.0
1399,,0.0,,0.0,0.0
1400,8.0,250.0,850.0,0.0,450.0
1401,7.0,70.0,350.0,0.0,0.0
1402,7.0,250.0,750.0,0.0,50.0
1403,10.0,550.0,90.0,250.0,350.0
1404,6.0,250.0,650.0,0.0,0.0
1405,9.0,350.0,350.0,0.0,450.0
1406,6.0,50.0,150.0,10.0,70.0
1407,7.0,250.0,150.0,90.0,150.0
1408,10.0,90.0,1000.0,70.0,250.0
1409,10.0,,1000.0,1000.0,
1410,7.0,70.0,90.0,0.0,0.0
1411,9.0,150.0,750.0,0.0,450.0
1412,7.0,650.0,250.0,50.0,150.0
1413,4.0,50.0,550.0,0.0,0.0
1414,5.0,0.0,150.0,0.0,90.0
1415,10.0,90.0,90.0,70.0,70.0
1416,6.0,70.0,450.0,0.0,250.0
1417,7.0,0.0,450.0,0.0,0.0
1418,5.0,0.0,450.0,0.0,0.0
1419,5.0,0.0,150.0,0.0,0.0
1420,8.0,250.0,750.0,0.0,250.0
1421,,0.0,,0.0,0.0
1422,7.0,0.0,850.0,0.0,0.0
1423,4.0,350.0,750.0,90.0,250.0
1424,6.0,50.0,350.0,50.0,0.0
1425,10.0,1000.0,850.0,1000.0,1000.0
1426,6.0,70.0,950.0,0.0,90.0
1427,7.0,250.0,650.0,0.0,250.0
1428,6.0,350.0,1000.0,150.0,0.0
1429,10.0,90.0,150.0,0.0,90.0
1430,10.0,0.0,550.0,0.0,0.0
1431,3.0,70.0,550.0,0.0,90.0
1432,10.0,350.0,650.0,250.0,350.0
1433,5.0,0.0,70.0,0.0,0.0
1434,7.0,350.0,1000.0,0.0,
1435,9.0,90.0,450.0,50.0,350.0
1436,7.0,150.0,650.0,70.0,150.0
1437,3.0,250.0,650.0,0.0,350.0
1438,6.0,350.0,750.0,150.0,250.0
1439,3.0,0.0,90.0,0.0,0.0
1440,1.0,0.0,50.0,0.0,0.0
1441,,0.0,,0.0,0.0
1442,5.0,50.0,850.0,0.0,90.0
1443,4.0,50.0,90.0,30.0,0.0
1444,3.0,50.0,90.0,0.0,0.0
1445,6.0,350.0,1000.0,350.0,250.0
1446,8.0,50.0,90.0,0.0,70.0
1447,7.0,250.0,450.0,0.0,0.0
1448,7.0,0.0,10.0,0.0,50.0
1449,8.0,50.0,250.0,30.0,70.0
1450,7.0,70.0,550.0,250.0,0.0
1451,8.0,650.0,850.0,0.0,0.0
1452,5.0,50.0,450.0,0.0,50.0
1453,6.0,90.0,450.0,70.0,90.0
1454,7.0,250.0,750.0,50.0,350.0
1455,4.0,0.0,450.0,0.0,0.0
1456,10.0,70.0,650.0,150.0,450.0
1457,7.0,250.0,550.0,0.0,0.0
1458,9.0,90.0,650.0,0.0,250.0
1459,10.0,150.0,650.0,150.0,0.0
1460,10.0,650.0,550.0,10.0,30.0
1461,6.0,250.0,550.0,0.0,70.0
1462,3.0,90.0,650.0,30.0,0.0
1463,7.0,90.0,750.0,150.0,250.0
1464,9.0,250.0,750.0,0.0,0.0
1465,5.0,90.0,550.0,150.0,350.0
1466,8.0,350.0,350.0,50.0,150.0
1467,8.0,150.0,750.0,90.0,250.0
1468,7.0,150.0,350.0,150.0,450.0
1469,7.0,0.0,1000.0,0.0,250.0
1470,8.0,1000.0,1000.0,1000.0,1000.0
1471,6.0,150.0,450.0,0.0,0.0
1472,3.0,70.0,150.0,0.0,50.0
1473,7.0,250.0,850.0,0.0,250.0
1474,5.0,0.0,650.0,70.0,950.0
1475,8.0,70.0,550.0,0.0,0.0
1476,9.0,250.0,350.0,150.0,0.0
1477,6.0,150.0,450.0,450.0,250.0
1478,8.0,70.0,250.0,50.0,0.0
1479,5.0,0.0,550.0,0.0,90.0
1480,7.0,150.0,650.0,0.0,0.0
1481,9.0,250.0,30.0,0.0,250.0
1482,9.0,90.0,90.0,70.0,50.0
1483,6.0,70.0,550.0,0.0,0.0
1484,6.0,90.0,750.0,0.0,50.0
1485,6.0,0.0,750.0,0.0,250.0
1486,7.0,250.0,150.0,70.0,0.0
1487,7.0,70.0,90.0,150.0,0.0
1488,9.0,90.0,550.0,0.0,250.0
1489,6.0,70.0,550.0,0.0,250.0
1490,7.0,250.0,750.0,30.0,50.0
1491,5.0,0.0,30.0,0.0,50.0
1492,4.0,0.0,450.0,0.0,0.0
1493,7.0,150.0,1000.0,50.0,250.0
1494,5.0,30.0,450.0,0.0,70.0
1495,10.0,650.0,1000.0,550.0,1000.0
1496,6.0,0.0,,0.0,0.0
1497,6.0,0.0,50.0,0.0,30.0
1498,10.0,0.0,50.0,90.0,250.0
1499,7.0,450.0,550.0,450.0,550.0
1500,3.0,30.0,70.0,70.0,70.0
1501,5.0,350.0,250.0,0.0,250.0
1502,10.0,250.0,550.0,250.0,0.0
1503,5.0,50.0,650.0,30.0,70.0
1504,5.0,150.0,90.0,0.0,0.0
1505,8.0,1000.0,550.0,650.0,1000.0
1506,8.0,350.0,250.0,250.0,350.0
1507,9.0,1000.0,950.0,550.0,850.0
1508,10.0,70.0,250.0,0.0,0.0
1509,,0.0,,0.0,0.0
1510,5.0,150.0,750.0,0.0,0.0
1511,9.0,1000.0,1000.0,850.0,950.0
1512,7.0,0.0,350.0,0.0,250.0
1513,8.0,70.0,750.0,70.0,70.0
1514,10.0,850.0,550.0,150.0,250.0
1515,8.0,350.0,450.0,450.0,90.0
1516,7.0,150.0,450.0,90.0,150.0
1517,6.0,0.0,750.0,0.0,0.0
1518,5.0,550.0,150.0,0.0,450.0
1519,4.0,250.0,1000.0,0.0,150.0
1520,4.0,90.0,550.0,0.0,250.0
1521,8.0,70.0,750.0,0.0,250.0
1522,8.0,0.0,1000.0,0.0,0.0
1523,7.0,50.0,750.0,0.0,250.0
1524,6.0,0.0,450.0,0.0,0.0
1525,6.0,30.0,50.0,0.0,50.0
1526,7.0,90.0,150.0,0.0,250.0
1527,6.0,350.0,250.0,150.0,250.0
1528,6.0,250.0,90.0,0.0,0.0
1529,8.0,650.0,650.0,30.0,0.0
1530,6.0,250.0,30.0,0.0,150.0
1531,6.0,250.0,450.0,0.0,0.0
1532,7.0,90.0,1000.0,250.0,550.0
1533,3.0,50.0,70.0,10.0,50.0
1534,7.0,0.0,10.0,0.0,50.0
1535,7.0,250.0,650.0,30.0,0.0
1536,4.0,50.0,150.0,0.0,70.0
1537,7.0,70.0,350.0,50.0,250.0
1538,9.0,70.0,550.0,0.0,50.0
1539,9.0,1000.0,550.0,150.0,1000.0
1540,5.0,150.0,550.0,150.0,0.0
1541,7.0,350.0,750.0,250.0,450.0
1542,8.0,250.0,750.0,0.0,250.0
1543,10.0,70.0,70.0,0.0,350.0
1544,5.0,0.0,150.0,0.0,0.0
1545,,0.0,,0.0,0.0
1546,6.0,0.0,350.0,0.0,0.0
1547,8.0,70.0,750.0,50.0,70.0
1548,8.0,250.0,450.0,0.0,250.0
1549,8.0,50.0,50.0,0.0,50.0
1550,,0.0,,0.0,0.0
1551,7.0,150.0,850.0,250.0,250.0
1552,7.0,0.0,90.0,50.0,90.0
1553,,0.0,,0.0,0.0
1554,6.0,70.0,30.0,50.0,90.0
1555,6.0,850.0,650.0,750.0,750.0
1556,8.0,70.0,550.0,0.0,70.0
1557,6.0,50.0,350.0,0.0,0.0
1558,6.0,0.0,550.0,0.0,0.0
1559,8.0,750.0,50.0,70.0,90.0
1560,8.0,250.0,1000.0,0.0,350.0
1561,,0.0,,0.0,0.0
1562,8.0,50.0,650.0,0.0,50.0
1563,8.0,250.0,850.0,450.0,350.0
1564,9.0,70.0,550.0,90.0,250.0
1565,7.0,250.0,950.0,150.0,150.0
1566,7.0,350.0,750.0,50.0,250.0
1567,8.0,250.0,850.0,0.0,0.0
1568,7.0,0.0,450.0,50.0,250.0
1569,10.0,650.0,950.0,550.0,650.0
1570,7.0,250.0,450.0,0.0,150.0
1571,7.0,0.0,650.0,0.0,0.0
1572,7.0,70.0,250.0,10.0,250.0
1573,7.0,50.0,1000.0,50.0,0.0
1574,7.0,50.0,350.0,150.0,90.0
1575,5.0,30.0,50.0,0.0,90.0
1576,8.0,0.0,1000.0,0.0,0.0
1577,10.0,450.0,1000.0,750.0,450.0
1578,8.0,650.0,950.0,450.0,950.0
1579,5.0,50.0,550.0,0.0,0.0
1580,5.0,0.0,450.0,90.0,0.0
1581,,0.0,,0.0,0.0
1582,7.0,0.0,,0.0,0.0
1583,5.0,350.0,650.0,30.0,250.0
1584,9.0,350.0,750.0,70.0,350.0
1585,5.0,30.0,250.0,0.0,0.0
1586,6.0,250.0,750.0,0.0,250.0
1587,8.0,90.0,250.0,0.0,0.0
1588,9.0,150.0,950.0,0.0,0.0
1589,,0.0,,0.0,0.0
1590,8.0,150.0,550.0,0.0,150.0
1591,,0.0,,0.0,0.0
1592,9.0,250.0,750.0,70.0,150.0
1593,5.0,450.0,1000.0,0.0,0.0
1594,7.0,0.0,750.0,0.0,0.0
1595,10.0,850.0,750.0,150.0,1000.0
1596,3.0,150.0,90.0,30.0,70.0
1597,5.0,0.0,350.0,70.0,70.0
1598,5.0,0.0,550.0,0.0,0.0
1599,4.0,70.0,70.0,0.0,0.0
1600,5.0,0.0,30.0,0.0,0.0
1601,9.0,250.0,90.0,0.0,350.0
1602,6.0,70.0,90.0,50.0,0.0
1603,7.0,150.0,950.0,150.0,350.0
1604,7.0,50.0,90.0,0.0,0.0
1605,7.0,50.0,650.0,0.0,0.0
1606,9.0,50.0,250.0,30.0,30.0
1607,10.0,250.0,550.0,150.0,250.0
1608,4.0,250.0,550.0,650.0,0.0
1609,6.0,50.0,750.0,0.0,0.0
1610,6.0,50.0,250.0,0.0,0.0
1611,7.0,250.0,250.0,150.0,250.0
1612,10.0,70.0,150.0,30.0,650.0
1613,6.0,650.0,1000.0,0.0,650.0
1614,4.0,250.0,90.0,0.0,250.0
1615,6.0,0.0,350.0,0.0,50.0
1616,9.0,650.0,550.0,0.0,650.0
1617,5.0,0.0,70.0,0.0,0.0
1618,4.0,250.0,550.0,0.0,0.0
1619,7.0,250.0,750.0,0.0,250.0
1620,5.0,0.0,950.0,0.0,0.0
1621,5.0,1000.0,1000.0,0.0,450.0
1622,4.0,350.0,550.0,150.0,350.0
1623,10.0,70.0,550.0,0.0,70.0
1624,8.0,70.0,90.0,30.0,50.0
1625,7.0,150.0,650.0,70.0,250.0
1626,9.0,70.0,750.0,0.0,150.0
1627,8.0,70.0,350.0,70.0,90.0
1628,6.0,250.0,750.0,50.0,250.0
1629,7.0,0.0,750.0,30.0,50.0
1630,9.0,30.0,250.0,0.0,250.0
1631,6.0,650.0,750.0,750.0,650.0
1632,10.0,150.0,450.0,90.0,150.0
1633,9.0,350.0,1000.0,10.0,1000.0
1634,10.0,0.0,70.0,0.0,0.0
1635,7.0,70.0,550.0,50.0,70.0
1636,7.0,90.0,1000.0,0.0,250.0
1637,6.0,90.0,350.0,0.0,150.0
1638,5.0,250.0,650.0,150.0,70.0
1639,7.0,250.0,450.0,150.0,70.0
1640,7.0,150.0,150.0,90.0,150.0
1641,6.0,90.0,250.0,0.0,250.0
1642,,0.0,,0.0,0.0
1643,,0.0,,0.0,0.0
1644,3.0,50.0,550.0,0.0,250.0
1645,7.0,150.0,650.0,30.0,70.0
1646,8.0,250.0,550.0,50.0,0.0
1647,4.0,250.0,50.0,90.0,350.0
1648,5.0,0.0,550.0,0.0,0.0
1649,8.0,0.0,550.0,0.0,0.0
1650,6.0,250.0,650.0,0.0,150.0
1651,7.0,150.0,550.0,0.0,150.0
1652,3.0,350.0,550.0,150.0,70.0
1653,7.0,90.0,750.0,0.0,70.0
1654,6.0,350.0,950.0,0.0,450.0
1655,10.0,70.0,550.0,90.0,150.0
1656,7.0,0.0,,0.0,0.0
1657,8.0,250.0,1000.0,70.0,150.0
1658,6.0,70.0,350.0,30.0,0.0
1659,8.0,350.0,1000.0,0.0,150.0
1660,10.0,350.0,350.0,750.0,0.0
1661,6.0,70.0,550.0,0.0,90.0
1662,8.0,90.0,550.0,50.0,70.0
1663,10.0,350.0,850.0,250.0,250.0
1664,5.0,250.0,550.0,70.0,350.0
1665,8.0,90.0,650.0,0.0,250.0
1666,4.0,70.0,150.0,0.0,0.0
1667,4.0,150.0,750.0,50.0,90.0
1668,6.0,90.0,950.0,0.0,250.0
1669,5.0,70.0,150.0,10.0,0.0
1670,5.0,0.0,750.0,0.0,0.0
1671,7.0,150.0,350.0,0.0,90.0
1672,2.0,30.0,950.0,0.0,0.0
1673,9.0,750.0,650.0,850.0,850.0
1674,7.0,70.0,650.0,0.0,0.0
1675,9.0,350.0,450.0,0.0,0.0
1676,6.0,250.0,550.0,70.0,350.0
1677,8.0,250.0,350.0,70.0,350.0
1678,7.0,50.0,250.0,450.0,90.0
1679,10.0,850.0,750.0,750.0,850.0
1680,,0.0,,0.0,0.0
1681,6.0,70.0,550.0,0.0,0.0
1682,3.0,0.0,750.0,0.0,0.0
1683,7.0,0.0,50.0,10.0,0.0
1684,7.0,350.0,650.0,750.0,250.0
1685,9.0,250.0,250.0,90.0,150.0
1686,7.0,70.0,750.0,30.0,250.0
1687,7.0,70.0,250.0,50.0,90.0
1688,7.0,50.0,70.0,0.0,90.0
1689,9.0,0.0,850.0,0.0,0.0
1690,7.0,350.0,150.0,350.0,450.0
1691,9.0,70.0,150.0,0.0,70.0
1692,9.0,250.0,650.0,250.0,350.0
1693,9.0,250.0,1000.0,70.0,90.0
1694,7.0,0.0,10.0,0.0,0.0
1695,7.0,250.0,750.0,0.0,250.0
1696,5.0,250.0,250.0,70.0,250.0
1697,,0.0,,0.0,0.0
1698,7.0,450.0,1000.0,70.0,1000.0
1699,6.0,350.0,750.0,550.0,550.0
1700,6.0,90.0,250.0,90.0,150.0
1701,0.0,30.0,30.0,0.0,0.0
1702,10.0,70.0,50.0,30.0,90.0
1703,3.0,650.0,850.0,250.0,0.0
1704,5.0,0.0,1000.0,0.0,0.0
1705,1.0,0.0,450.0,0.0,0.0
1706,9.0,150.0,650.0,450.0,750.0
1707,8.0,350.0,1000.0,450.0,350.0
1708,8.0,90.0,150.0,50.0,90.0
1709,10.0,950.0,450.0,1000.0,950.0
1710,2.0,150.0,550.0,0.0,70.0
1711,5.0,350.0,750.0,0.0,350.0
1712,10.0,0.0,10.0,0.0,0.0
1713,8.0,250.0,450.0,0.0,250.0
1714,5.0,90.0,50.0,0.0,70.0
1715,7.0,50.0,70.0,50.0,50.0
1716,4.0,0.0,250.0,0.0,0.0
1717,6.0,90.0,550.0,50.0,50.0
1718,,0.0,,0.0,0.0
1719,4.0,90.0,350.0,30.0,150.0
1720,6.0,250.0,450.0,50.0,250.0
1721,6.0,50.0,150.0,0.0,0.0
1722,8.0,50.0,150.0,0.0,0.0
1723,6.0,350.0,90.0,350.0,350.0
1724,7.0,250.0,550.0,70.0,250.0
1725,7.0,350.0,750.0,0.0,0.0
1726,5.0,150.0,50.0,0.0,350.0
1727,4.0,70.0,70.0,0.0,50.0
1728,7.0,250.0,250.0,150.0,0.0
1729,10.0,250.0,450.0,0.0,0.0
1730,6.0,1000.0,1000.0,1000.0,
1731,8.0,250.0,250.0,0.0,0.0
1732,9.0,70.0,950.0,0.0,0.0
1733,7.0,70.0,1000.0,150.0,250.0
1734,7.0,70.0,350.0,0.0,70.0
1735,7.0,150.0,750.0,0.0,150.0
1736,7.0,70.0,850.0,150.0,90.0
1737,10.0,90.0,750.0,90.0,550.0
1738,8.0,50.0,90.0,0.0,0.0
1739,6.0,90.0,550.0,0.0,70.0
1740,10.0,450.0,1000.0,350.0,450.0
1741,10.0,250.0,450.0,70.0,90.0
1742,7.0,250.0,550.0,0.0,0.0
1743,9.0,350.0,550.0,0.0,0.0
1744,5.0,150.0,550.0,50.0,70.0
1745,7.0,250.0,650.0,0.0,90.0
1746,7.0,90.0,550.0,0.0,250.0
1747,9.0,250.0,450.0,150.0,250.0
1748,7.0,350.0,850.0,0.0,350.0
1749,4.0,70.0,1000.0,150.0,70.0
1750,2.0,70.0,90.0,0.0,0.0
1751,5.0,70.0,90.0,0.0,50.0
1752,6.0,90.0,950.0,150.0,50.0
1753,6.0,70.0,550.0,0.0,0.0
1754,9.0,50.0,50.0,10.0,0.0
1755,8.0,350.0,450.0,450.0,250.0
1756,7.0,250.0,550.0,0.0,0.0
1757,7.0,350.0,550.0,0.0,0.0
1758,7.0,50.0,550.0,30.0,70.0
1759,8.0,350.0,650.0,150.0,90.0
1760,5.0,0.0,550.0,0.0,0.0
1761,6.0,50.0,90.0,0.0,150.0
1762,4.0,350.0,550.0,0.0,0.0
1763,9.0,150.0,90.0,0.0,450.0
1764,5.0,250.0,1000.0,0.0,0.0
1765,7.0,550.0,950.0,0.0,650.0
1766,10.0,350.0,90.0,0.0,350.0
1767,3.0,0.0,350.0,10.0,50.0
1768,4.0,0.0,70.0,0.0,0.0
1769,5.0,250.0,450.0,150.0,0.0
1770,6.0,50.0,550.0,50.0,0.0
1771,7.0,90.0,250.0,0.0,0.0
1772,7.0,350.0,750.0,350.0,550.0
1773,8.0,70.0,50.0,70.0,750.0
1774,5.0,450.0,550.0,150.0,0.0
1775,9.0,90.0,90.0,90.0,0.0
1776,6.0,70.0,550.0,150.0,0.0
1777,8.0,350.0,550.0,250.0,150.0
1778,7.0,50.0,350.0,0.0,50.0
1779,7.0,250.0,450.0,0.0,90.0
1780,7.0,350.0,90.0,150.0,150.0
1781,5.0,70.0,90.0,70.0,90.0
1782,5.0,250.0,150.0,30.0,70.0
1783,10.0,550.0,90.0,950.0,650.0
1784,,0.0,,0.0,0.0
1785,8.0,250.0,650.0,250.0,250.0
1786,7.0,70.0,550.0,30.0,250.0
1787,10.0,,850.0,1000.0,
1788,10.0,50.0,90.0,50.0,50.0
1789,5.0,0.0,650.0,0.0,0.0
1790,8.0,50.0,90.0,50.0,0.0
1791,7.0,0.0,550.0,0.0,150.0
1792,8.0,250.0,90.0,0.0,350.0
1793,2.0,70.0,650.0,10.0,90.0
1794,5.0,250.0,350.0,70.0,550.0
1795,9.0,150.0,750.0,0.0,350.0
1796,10.0,0.0,550.0,150.0,350.0
1797,6.0,250.0,750.0,0.0,150.0
1798,,0.0,,0.0,0.0
1799,8.0,250.0,550.0,70.0,90.0
1800,,0.0,,0.0,0.0
1801,8.0,350.0,550.0,0.0,350.0
1802,3.0,0.0,10.0,30.0,70.0
1803,8.0,30.0,90.0,10.0,0.0
1804,8.0,90.0,1000.0,0.0,0.0
1805,8.0,50.0,950.0,0.0,0.0
1806,6.0,350.0,650.0,0.0,70.0
1807,4.0,250.0,90.0,0.0,50.0
1808,6.0,50.0,90.0,0.0,50.0
1809,8.0,50.0,550.0,0.0,0.0
1810,7.0,250.0,90.0,90.0,150.0
1811,7.0,750.0,350.0,150.0,250.0
1812,4.0,250.0,850.0,0.0,0.0
1813,5.0,70.0,450.0,90.0,70.0
1814,9.0,650.0,750.0,550.0,550.0
1815,2.0,90.0,650.0,0.0,250.0
1816,10.0,70.0,550.0,0.0,0.0
1817,6.0,70.0,150.0,50.0,150.0
1818,9.0,250.0,750.0,0.0,350.0
1819,6.0,0.0,750.0,0.0,0.0
1820,6.0,250.0,650.0,0.0,90.0
1821,8.0,250.0,250.0,150.0,350.0
1822,9.0,90.0,550.0,250.0,350.0
1823,6.0,450.0,90.0,0.0,350.0
1824,9.0,950.0,750.0,950.0,250.0
1825,7.0,150.0,650.0,0.0,0.0
1826,8.0,250.0,950.0,70.0,350.0
1827,7.0,50.0,90.0,50.0,50.0
1828,8.0,550.0,550.0,350.0,450.0
1829,10.0,750.0,650.0,650.0,750.0
1830,8.0,90.0,550.0,0.0,250.0
1831,9.0,0.0,550.0,0.0,0.0
1832,5.0,150.0,350.0,0.0,0.0
1833,8.0,950.0,750.0,90.0,350.0
1834,4.0,50.0,550.0,0.0,0.0
1835,8.0,70.0,450.0,50.0,250.0
1836,5.0,30.0,10.0,0.0,50.0
1837,8.0,250.0,250.0,30.0,250.0
1838,8.0,850.0,1000.0,650.0,250.0
1839,7.0,90.0,90.0,30.0,250.0
1840,4.0,90.0,550.0,90.0,250.0
1841,3.0,0.0,550.0,0.0,0.0
1842,5.0,70.0,350.0,0.0,0.0
1843,9.0,50.0,650.0,0.0,50.0
1844,9.0,250.0,150.0,90.0,70.0
1845,7.0,350.0,550.0,0.0,0.0
1846,9.0,0.0,1000.0,0.0,0.0
1847,7.0,150.0,250.0,30.0,350.0
1848,8.0,350.0,1000.0,0.0,0.0
1849,8.0,1000.0,1000.0,250.0,450.0
1850,7.0,150.0,950.0,30.0,90.0
1851,6.0,50.0,750.0,350.0,350.0
1852,6.0,250.0,650.0,0.0,250.0
1853,,0.0,,0.0,0.0
1854,2.0,250.0,850.0,50.0,350.0
1855,8.0,50.0,550.0,0.0,450.0
1856,7.0,70.0,150.0,0.0,0.0
1857,8.0,250.0,90.0,50.0,250.0
1858,7.0,350.0,950.0,250.0,250.0
1859,10.0,50.0,70.0,10.0,50.0
1860,10.0,90.0,650.0,50.0,90.0
1861,7.0,70.0,550.0,0.0,70.0
1862,10.0,250.0,350.0,150.0,250.0
1863,8.0,50.0,550.0,0.0,70.0
1864,8.0,70.0,450.0,0.0,50.0
1865,3.0,50.0,90.0,0.0,0.0
1866,7.0,50.0,150.0,50.0,70.0
1867,7.0,70.0,550.0,0.0,70.0
1868,8.0,90.0,850.0,150.0,90.0
1869,8.0,250.0,850.0,90.0,250.0
1870,6.0,70.0,750.0,30.0,250.0
1871,3.0,0.0,650.0,0.0,0.0
1872,4.0,50.0,50.0,0.0,0.0
1873,6.0,0.0,750.0,50.0,0.0
1874,8.0,50.0,550.0,50.0,90.0
1875,6.0,0.0,550.0,0.0,0.0
1876,8.0,250.0,250.0,750.0,1000.0
1877,4.0,0.0,350.0,0.0,0.0
